{
  "uniform": [
    0.09192519091514166,
    -0.21524941114034304,
    -0.42823227831724814,
    0.03657248251233574
  ],
  "GEQ": [
    -0.028974623045639507,
    -0.209867162617071,
    -0.3909046223363425,
    0.018782091325396343
  ],
  "LEQ": [
    0.16525335116282666,
    -0.04429002476619028,
    0.02278383229516647,
    -0.014542096823164668
  ],
  "exclusion": [
    -0.2532626713397968,
    0.12106856059080169,
    -0.060709415714535,
    -0.03409124129044868
  ]
}