{
  "uniform": [
    0.13359265868273731,
    0.228495247955835,
    0.23637903458488774,
    0.3922267052217818
  ],
  "GEQ": [
    0.19655119850427627,
    0.20964311476868552,
    0.25274050340936316,
    0.4630261942744878
  ],
  "LEQ": [
    0.09556753771145614,
    0.17225070678411977,
    0.1671195163192914,
    0.09446741173639542
  ],
  "exclusion": [
    0.19764743298425072,
    0.16340408273123574,
    0.17007021296102717,
    0.20036553664726467
  ]
}