{
  "uniform": [
    0.037423096139410535,
    0.21919344979884187,
    0.33101617703543146,
    -0.07750144971382257
  ],
  "GEQ": [
    0.14831749590973065,
    0.21109067732496153,
    0.37189438202446606,
    -0.054680261226244115
  ],
  "LEQ": [
    -0.019568651778709208,
    0.1040073820514401,
    0.12063966588757011,
    0.1792753950006117
  ],
  "exclusion": [
    0.2537592061349565,
    0.08616152854271765,
    0.10069956738261698,
    0.10794874238160601
  ]
}