{
  "uniform": [
    0.013235996614720413,
    0.033770456042329755,
    0.05962264186288224,
    0.10769230769230775
  ],
  "GEQ": [
    NaN,
    NaN,
    NaN,
    0.10769230769230775
  ],
  "LEQ": [
    0.013235996614720413,
    NaN,
    NaN,
    NaN
  ],
  "exclusion": [
    NaN,
    NaN,
    NaN,
    NaN
  ]
}