{
  "uniform": [
    0.09179625782036364,
    -0.24255926435593397,
    -0.27304394467737503,
    -0.7526074658483463
  ],
  "GEQ": [
    0.05481559425171572,
    -0.21745217922957352,
    -0.23847023489468575,
    -0.7421520118351675
  ],
  "LEQ": [
    0.045225767762823166,
    -0.029578981604438174,
    -0.018899223501026213,
    -0.007160192949716078
  ],
  "exclusion": [
    -0.1805121000571114,
    0.08118866146963018,
    0.007535900236580844,
    -0.03842474073347335
  ]
}