{
  "uniform": [
    0.5975346934254314,
    0.6298821994000466,
    0.6706098433545126,
    0.4871461730314567
  ],
  "GEQ": [
    0.5791676831868218,
    0.6271382997809437,
    0.6707582992214898,
    0.4871461730314567
  ],
  "LEQ": [
    0.5975346934254314,
    0.5801013340568382,
    0.5791234768910487,
    0.5791676831868218
  ],
  "exclusion": [
    0.6271382997809437,
    0.5888349376159534,
    0.5800576873529855,
    0.5791234768910487
  ]
}