{
  "uniform": [
    0.5153632942163962,
    0.5120138094853462,
    0.6089743596979279,
    0.5407565016602318
  ],
  "GEQ": [
    0.48011091019395497,
    0.5096554414446005,
    0.6106265642995926,
    0.5407565016602318
  ],
  "LEQ": [
    0.5153632942163962,
    0.4816063439276714,
    0.4802849708548293,
    0.48011091019395497
  ],
  "exclusion": [
    0.5096554414446005,
    0.5006378958181831,
    0.48140121637914396,
    0.4802849708548293
  ]
}