{
  "uniform": [
    0.05817054152764595,
    0.3531374243266077,
    0.4653260239065436,
    1.0
  ],
  "GEQ": [
    0.29062241062043137,
    0.4096123446859575,
    0.3865134377646984,
    1.0
  ],
  "LEQ": [
    0.08829941543159238,
    0.23050023920050994,
    0.2724824821843903,
    0.29331940500615744
  ],
  "exclusion": [
    0.41337598603022396,
    0.20043329398957965,
    0.24424088819976178,
    0.21493603824060117
  ]
}