{
  "uniform": [
    0.0031810631398996314,
    0.04485307219250623,
    0.10780608274694115,
    -0.004229142637447225
  ],
  "GEQ": [
    NaN,
    NaN,
    NaN,
    -0.004229142637447225
  ],
  "LEQ": [
    0.0031810631398996314,
    NaN,
    NaN,
    NaN
  ],
  "exclusion": [
    NaN,
    NaN,
    NaN,
    NaN
  ]
}