{
  "uniform": [
    -0.004461529417140399,
    0.3507502857867152,
    0.6427032005121541,
    1.0
  ],
  "GEQ": [
    0.2757507897536655,
    0.41260187560320155,
    0.7019592420045232,
    1.0
  ],
  "LEQ": [
    0.046575280012250274,
    0.2505086924127068,
    0.14773383561976472,
    0.2584777480066064
  ],
  "exclusion": [
    0.43099249885077767,
    0.13919012950127843,
    0.3237659941526676,
    0.23869797384115857
  ]
}