{
  "uniform": [
    -0.0548860873511828,
    0.053189729300548105,
    0.020686086320641523,
    0.13511355559273736,
    -0.03948738082124473,
    0.0,
    -0.1008259098567843,
    0.0,
    0.0,
    0.0
  ],
  "GEQ": [
    -0.029559173404944898,
    0.10716370748486528,
    0.1760058596541683,
    0.15073194837881465,
    0.03700657328705117,
    -0.06034728937054418,
    -0.01749412277490771,
    -0.04803580688398279,
    0.0,
    0.0
  ],
  "LEQ": [
    -0.14454474885997243,
    -0.0587865320896238,
    -0.033514215290932105,
    -0.006738396466012941,
    -0.07640294388629554,
    -0.03150259625860273,
    -0.08976091728420271,
    -0.0660412535153795,
    -0.03793503382383299,
    -0.03106121463242875
  ],
  "exclusion": [
    0.08993607749948353,
    -0.08063328080222643,
    -0.05318479767327296,
    0.01809287120897449,
    -0.021299843096732878,
    -0.019016780672508855,
    -0.02255658264135693,
    -0.015854128177104663,
    -0.05699339330180891,
    0.024052026621684427
  ]
}