{
  "uniform": [
    -0.04106809512214904,
    0.03179931640624978,
    0.029387755102040947,
    0.018968997463899573,
    -0.0012755102040814537,
    0.0,
    -0.00591715976331364,
    0.0,
    0.0,
    0.0
  ],
  "GEQ": [
    NaN,
    NaN,
    NaN,
    NaN,
    NaN,
    NaN,
    NaN,
    NaN,
    NaN,
    0.0
  ],
  "LEQ": [
    -0.04106809512214904,
    NaN,
    NaN,
    NaN,
    NaN,
    NaN,
    NaN,
    NaN,
    NaN,
    NaN
  ],
  "exclusion": [
    NaN,
    NaN,
    NaN,
    NaN,
    NaN,
    NaN,
    NaN,
    NaN,
    NaN,
    NaN
  ]
}