{
  "uniform": [
    -0.06175067482293703,
    -0.32126761829572326,
    -0.21094856211267154,
    -0.145870525767339,
    -0.12107111898669812,
    0.0,
    -0.5173463852677491,
    0.0,
    0.0,
    0.0
  ],
  "GEQ": [
    -0.2330677309994837,
    -0.25070302559281465,
    -0.24886322070403244,
    -0.34818705112990356,
    -0.28509507084698044,
    -0.38206156436382976,
    -0.5019711423678347,
    -0.3241557865123361,
    0.0,
    0.0
  ],
  "LEQ": [
    -0.04854035081959915,
    -0.18452572916128812,
    -0.17887668638044157,
    -0.23886319954512664,
    -0.23751964054234168,
    -0.2276352454707545,
    -0.27500289865929733,
    -0.2796723546433709,
    -0.27278880171735126,
    -0.21886982135725724
  ],
  "exclusion": [
    -0.2380503553586067,
    -0.2167327634745915,
    -0.27198287900632095,
    -0.2357866024413602,
    -0.22515045657664015,
    -0.2670906490004023,
    -0.2759765610919655,
    -0.23394761030982647,
    -0.27097910581864615,
    -0.2710617187542043
  ]
}