{
  "uniform": [
    -0.01871917730567789,
    0.30726247611295043,
    0.26695171380320126,
    0.5510673862634983,
    -0.13304852652050825,
    0.0,
    -0.5290122051733752,
    0.0,
    0.0,
    0.0
  ],
  "GEQ": [
    0.13119465478453157,
    0.2348956132135557,
    0.3893552376418639,
    0.5382976150065817,
    0.2620778975240635,
    0.07597374726089925,
    0.1407966107425534,
    -0.3261732163591678,
    0.0,
    0.0
  ],
  "LEQ": [
    -0.06400789204088793,
    0.02291259034298891,
    0.005785848263395506,
    0.02888135653066795,
    0.009334019498086479,
    0.05933841142491417,
    0.03697220368784514,
    0.0383081380541666,
    0.03462540313523594,
    0.0832229411478618
  ],
  "exclusion": [
    0.32777183474006116,
    0.03360165982744752,
    0.008331609881038822,
    0.05935133583400004,
    0.1303832629142145,
    0.0704161354560819,
    0.0067474693452514185,
    0.10374579336487778,
    0.14571654911950638,
    0.08650292696240776
  ]
}