{
  "uniform": [
    0.857137476466363,
    0.7818404905622939,
    0.6890924597795396,
    0.6599429729127003,
    0.5469683063521152,
    0.26264953503719307,
    0.3316473885445224,
    0.23981246656813157,
    -1.3368417291558519e-16,
    0.0
  ],
  "GEQ": [
    0.7848352036639398,
    0.7441413959533356,
    0.6893707462039853,
    0.6581688759217543,
    0.5763655264789963,
    0.48998882060174875,
    0.455105072487966,
    0.37041096143862834,
    0.22729770562943633,
    0.0
  ],
  "LEQ": [
    0.857137476466363,
    0.8331112601663019,
    0.8221774959388053,
    0.8068618807938248,
    0.7994983951754546,
    0.7974502043828955,
    0.7933847453170579,
    0.789663060211911,
    0.7866695303207554,
    0.7848352036639398
  ],
  "exclusion": [
    0.7441413959533356,
    0.7704146185276549,
    0.7843793738332521,
    0.7929827906849612,
    0.7901276108837956,
    0.7865528591056008,
    0.788488125820846,
    0.7883463745896755,
    0.7877732903721779,
    0.7866695303207554
  ]
}