{
  "uniform": [
    0.0579648393672139,
    0.30274891323283404,
    0.26761760687096137,
    0.41765620934036884,
    0.4545693242929442,
    0.23111802375949878,
    0.1448554982629962,
    0.20707970069157491,
    0.18026230057551296,
    0.022038054859523343,
    0.6194787742860084,
    0.20670256187510824,
    0.3053362946791686,
    0.36108168011337316,
    0.07517513374293328,
    0.16041930775440746,
    0.32265211494627327,
    -0.2568635301203377,
    0.5110653046749287
  ],
  "GEQ": [
    0.4680716516581132,
    0.4277943775608443,
    0.4835144166726746,
    0.5208493780736002,
    0.4928280271372218,
    0.5101986367109856,
    0.4951512825180276,
    0.5172336026281706,
    0.390063603156247,
    0.4080901873546529,
    0.4297320770375502,
    0.5659358852554306,
    0.5895837692532838,
    0.4318190099019727,
    0.608898673492004,
    0.7784665283338797,
    0.6320660842373277,
    0.38027645623791656,
    0.5428194312123218
  ],
  "LEQ": [
    0.03019872379604018,
    0.32764713464709333,
    0.4371462782431055,
    0.42224015696449185,
    0.5467082965143476,
    0.5117449137810691,
    0.4905154972377054,
    0.427126583259335,
    0.44570114859868093,
    0.434514550976173,
    0.5066610473073387,
    0.47275433876785733,
    0.48813703931060903,
    0.4739786446330858,
    0.4265096135829816,
    0.43234603987648246,
    0.44000442414082985,
    0.4641726609181574,
    0.4055996509733223
  ],
  "exclusion": [
    0.451230076429289,
    0.522889002809475,
    0.5133340335242227,
    0.4201764101195961,
    0.46798562848560205,
    0.45779369697763317,
    0.4432557916407832,
    0.4995042753126362,
    0.4267860244441008,
    0.47290230587041704,
    0.4410749439185413,
    0.4597347432221508,
    0.47447888916632225,
    0.4691187400769929,
    0.45709564691558285,
    0.4456188543159291,
    0.46193358017710556,
    0.47719160969269153,
    0.4418934222232397
  ]
}