{
  "uniform": [
    0.876113704828306,
    0.8090972727015969,
    0.7655875729142008,
    0.7217222736168465,
    0.6915750006935469,
    0.6623708111488679,
    0.642328464805794,
    0.620014804182993,
    0.5919430016521398,
    0.5457385232870537,
    0.5381770710863546,
    0.5487954853824745,
    0.5094022658316019,
    0.509499706628268,
    0.5114463670106468,
    0.5075397867955552,
    0.4919034114672539,
    0.436928654665228,
    0.41889300002071383
  ],
  "GEQ": [
    0.7030715918180925,
    0.6968316061710588,
    0.6883218765095434,
    0.6795555600117233,
    0.6705805075150174,
    0.6623436348118823,
    0.6545012718777591,
    0.643768997987458,
    0.6344027960252463,
    0.6276209627999816,
    0.6214772465266191,
    0.6140145681146023,
    0.6030766116208506,
    0.5937711234321454,
    0.5842425519932526,
    0.5675794575129945,
    0.5390076323312422,
    0.4936912136145529,
    0.41889300002071383
  ],
  "LEQ": [
    0.876113704828306,
    0.8509574498531517,
    0.8287197401608142,
    0.8143513522731316,
    0.8010692056208962,
    0.7892136652315692,
    0.7773737068058167,
    0.7680950189862564,
    0.7595088173821465,
    0.7541408468503193,
    0.7483270961298818,
    0.7404969371042711,
    0.7352312573764151,
    0.7293745349597692,
    0.7231840143541564,
    0.7170858419289299,
    0.7095150763709206,
    0.70666107947141,
    0.7030715918180925
  ],
  "exclusion": [
    0.6968316061710588,
    0.6958882433522869,
    0.6975142669944209,
    0.6991205207097596,
    0.7001023464109752,
    0.7020273536605143,
    0.7022346212617238,
    0.7029187172454328,
    0.7038876725680502,
    0.7045596719982061,
    0.7048320726505046,
    0.7053712385186829,
    0.7055579629730895,
    0.7056910750586304,
    0.7071412560394676,
    0.7074112822281573,
    0.7091286164013315,
    0.70571648553902,
    0.70666107947141
  ]
}