{
  "uniform": [
    0.06685790848897243,
    0.04498455696889291,
    0.13334115494191703,
    0.34241174417069586,
    0.527993203332759,
    0.08717657164052492,
    0.06471806050158017,
    -0.05196568400690031,
    0.032834463183064884,
    0.010516825839364672,
    0.022716500573622348,
    0.04685105286778712,
    0.001521491061239938,
    0.18854934617179891,
    -0.013240420298816965,
    0.02432105941584489,
    0.007160482580877898,
    -0.025110098047591352,
    -0.01729959359721342
  ],
  "GEQ": [
    0.15050502797914483,
    0.12285617650134831,
    0.24623128674713682,
    0.30420464355475674,
    0.21577503965692651,
    0.16611592213687779,
    0.1791306732422507,
    0.23124385417783475,
    0.18982894612888776,
    0.16891271120801402,
    0.25454715455746624,
    0.3173829721429708,
    0.3326025253844107,
    0.2557056876214349,
    0.16645059242101204,
    0.2180982441828808,
    0.3611273103319233,
    0.0051396615825271795,
    -0.01519858059181414
  ],
  "LEQ": [
    0.04688952928106996,
    0.23630047683362856,
    0.2785892990648134,
    0.34653358036796733,
    0.3230901417441145,
    0.32862336239728346,
    0.28390012589701497,
    0.2607611199868408,
    0.22628353274963356,
    0.21470445403226196,
    0.24546404730324153,
    0.2053618636061347,
    0.21843642027995366,
    0.22010273148022577,
    0.26521851707453326,
    0.1943034682142524,
    0.20182289801481249,
    0.20758396687161648,
    0.14448583141673846
  ],
  "exclusion": [
    0.21826892788248456,
    0.17874508924347476,
    0.16907238427255558,
    0.1877940559911354,
    0.13284013114063978,
    0.1907683512121364,
    0.18689040290087205,
    0.15990209652445972,
    0.17713837139001576,
    0.2292067082676829,
    0.1876565659247188,
    0.2242911901830078,
    0.15709056603323396,
    0.1697401210524616,
    0.14543668813728733,
    0.10803257992765693,
    0.19499378139852222,
    0.23997553067152594,
    0.2250373908416873
  ]
}