{
  "uniform": [
    -0.020553442531285535,
    -0.12013022122331608,
    -0.1834748586533094,
    -0.1411866249440738,
    -0.13008746167018073,
    -0.2538830103093506,
    -0.4491636065826583,
    -0.32215215087542837,
    -0.2677189653552007,
    -0.3568498520336383,
    -0.21617013249193462,
    -0.27780493122009386,
    -0.24220903811122013,
    -0.3745568945634251,
    -0.4252579927861176,
    -0.19911963230534077,
    -0.3097520622059329,
    -0.23835292524678842,
    -0.370788259690423
  ],
  "GEQ": [
    -0.4898566858883828,
    -0.5904524338838948,
    -0.6062422656993739,
    -0.6010747441088846,
    -0.6606662174277513,
    -0.688756163446611,
    -0.6922802634001385,
    -0.6911261775185064,
    -0.6734209814829971,
    -0.6651301157194152,
    -0.6397471840260225,
    -0.5789091707848767,
    -0.5207395976358506,
    -0.5211134486650083,
    -0.5913717893185367,
    -0.5535567688095656,
    -0.5514419504780893,
    -0.4150082978824578,
    -0.399084730970717
  ],
  "LEQ": [
    0.015445188357722212,
    0.05362593023794767,
    -0.012112859019567738,
    -0.012467840781685498,
    -0.036538441933456706,
    -0.17821641681190165,
    -0.21163498438418704,
    -0.22972743094491777,
    -0.2784212280657276,
    -0.2899230090604537,
    -0.3278256869874465,
    -0.37273779208062807,
    -0.4213430211362142,
    -0.37292602553384924,
    -0.39422354728618525,
    -0.4442123340166448,
    -0.49532622854595604,
    -0.5460413199527442,
    -0.5328396731904719
  ],
  "exclusion": [
    -0.5647440222011529,
    -0.564714149542892,
    -0.5016047797229983,
    -0.5142431217487563,
    -0.5240541980728067,
    -0.44737331631673555,
    -0.49818509504265973,
    -0.470033276995893,
    -0.5012526778182389,
    -0.46750448344734935,
    -0.5059587445025276,
    -0.4740095000625082,
    -0.49464547389386093,
    -0.4531636294006629,
    -0.4759072007709503,
    -0.48778926750679513,
    -0.5381290893700448,
    -0.46058272226890207,
    -0.4808095986606535
  ]
}