{
  "uniform": [
    0.0019817677368214603,
    0.022476309812828,
    0.02088141402136512,
    0.017935235318617293,
    0.10127281769787633,
    0.004270544783010255,
    0.014355321960717093,
    -0.001364002728005409,
    -0.0008101539292465487,
    0.0019425285044942786,
    0.0018181818181817189,
    0.004096495220755614,
    9.146620323785548e-05,
    0.012970785982031385,
    -0.0007357303904118595,
    -0.00020383158832693038,
    0.0003559985760055451,
    -0.0004251248804337804,
    -0.00020252078816329622
  ],
  "GEQ": [
    NaN,
    NaN,
    NaN,
    NaN,
    NaN,
    NaN,
    NaN,
    NaN,
    NaN,
    NaN,
    NaN,
    NaN,
    NaN,
    NaN,
    NaN,
    NaN,
    NaN,
    NaN,
    -0.00020252078816329622
  ],
  "LEQ": [
    0.0019817677368214603,
    NaN,
    NaN,
    NaN,
    NaN,
    NaN,
    NaN,
    NaN,
    NaN,
    NaN,
    NaN,
    NaN,
    NaN,
    NaN,
    NaN,
    NaN,
    NaN,
    NaN,
    NaN
  ],
  "exclusion": [
    NaN,
    NaN,
    NaN,
    NaN,
    NaN,
    NaN,
    NaN,
    NaN,
    NaN,
    NaN,
    NaN,
    NaN,
    NaN,
    NaN,
    NaN,
    NaN,
    NaN,
    NaN,
    NaN
  ]
}