{
  "uniform": [
    -0.06788021874613692,
    0.0697567839579426,
    0.35485967302933563,
    0.2951870235680818,
    0.264245009122068,
    0.4141480029404124,
    0.47193485976382027,
    0.40272833501828026,
    0.5242825298707451,
    0.6528058692927267,
    0.38722436700138896,
    0.16337874291563823,
    0.44949232369784786,
    0.5463014780026464,
    0.39425231645313064,
    0.7144028290917067,
    0.7395478533680777,
    0.6391498124014482,
    0.6458521025721413,
    0.5511946794680844,
    0.4053834984605299,
    0.5043302812531387,
    0.8108812130693263,
    0.6134199493378364,
    0.7107777127383252,
    0.39044249110156437,
    0.36309099471396855,
    0.545721899458069,
    0.7859846892652396,
    0.7743385180368514,
    0.9380409596560739,
    0.8910743774786218,
    0.7784463940918956,
    0.8173642697964588,
    NaN,
    0.7686594254695658,
    0.5878388338637719,
    -0.001526204491581866,
    0.855235815654319
  ],
  "GEQ": [
    0.17565946425065773,
    0.2620950745319278,
    0.2588138269847234,
    0.26231169666027976,
    0.3693583662969709,
    0.3847432027281215,
    0.3563453875878397,
    0.40774630064380585,
    0.40280100882427283,
    0.44672630848859707,
    0.4937985820023386,
    0.4726550726042297,
    0.4964503002066757,
    0.5065593572422491,
    0.4534966697659555,
    0.4652480911080718,
    0.4395605326164123,
    0.48402255411547007,
    0.521803591618311,
    0.574919565953623,
    0.6147935123802662,
    0.6600489113233117,
    0.6165945595923523,
    0.5944083306586324,
    0.5983167375119132,
    0.6999265376283581,
    0.7982182997207752,
    0.8421037799987967,
    0.8678123461602624,
    0.851682747516678,
    0.8425431617057791,
    0.8463474651121263,
    0.8698639196874067,
    0.7851890728360336,
    0.6660438091766029,
    0.7084757746678038,
    0.4422560027296886,
    0.7370267331336638,
    0.859050999316644
  ],
  "LEQ": [
    -0.016901785008498215,
    0.08063082457717231,
    0.07984804098892108,
    0.16571446345268434,
    0.24482702602924145,
    0.15736312563541302,
    0.20545923798822144,
    0.19262083830168641,
    0.22619853428805595,
    0.20724960348716756,
    0.1971963571372963,
    0.17842420231623748,
    0.1571703803670654,
    0.20339919473704166,
    0.14122853258307663,
    0.19935015805403225,
    0.18193702178217433,
    0.16216757987268518,
    0.1855135266141077,
    0.21117028947072078,
    0.1602245899334943,
    0.2219289198336957,
    0.19635800381309987,
    0.24251855709546397,
    0.20603924387185407,
    0.14627882586949698,
    0.18384865361505423,
    0.21593461209448112,
    0.18903661524605225,
    0.14737573360851788,
    0.2584195092257347,
    0.1339601255741957,
    0.18791352107758827,
    0.21091986406532745,
    0.22057933655684508,
    0.15556897895751037,
    0.18357703915255563,
    0.17981363457192584,
    0.19077925641667037
  ],
  "exclusion": [
    0.2268184283409724,
    0.1939890026504869,
    0.17878986682107034,
    0.1477287234288835,
    0.20120279750793324,
    0.1599887323949407,
    0.1761903018126912,
    0.19968407856306802,
    0.20166122027810943,
    0.20797841196249153,
    0.12120412657562805,
    0.15671613547380064,
    0.23345866865230291,
    0.1488002885679966,
    0.2002683781960747,
    0.20284009824001853,
    0.15730639402220098,
    0.12582485752617845,
    0.15179816076884303,
    0.150531691196013,
    0.1615591272167091,
    0.16918909593132297,
    0.23657857198629828,
    0.16946920347091338,
    0.17003156875347067,
    0.2034493842422585,
    0.1639721999645231,
    0.2135710497348281,
    0.12649170546432145,
    0.20393325018133476,
    0.242069735612805,
    0.1571270426453315,
    0.18025910781697616,
    0.1580884698781364,
    0.17158417152676125,
    0.19629599863736358,
    0.2022112057158114,
    0.16638831173853597,
    0.2375867301270601
  ]
}