{
  "uniform": [
    0.6622386809759626,
    0.6428868117149386,
    0.6068409233779036,
    0.5673182027634052,
    0.5356323092713479,
    0.4744651442250938,
    0.4674891927117401,
    0.395638600224338,
    0.4056221390458427,
    0.3555681975150249,
    0.34072115320598895,
    0.24839609999161036,
    NaN,
    3.4100459097772104e-16,
    0.08190678066856451,
    NaN,
    0.17411687837924777,
    NaN,
    NaN,
    NaN,
    NaN,
    NaN,
    NaN,
    NaN,
    NaN,
    NaN,
    NaN,
    NaN,
    NaN,
    NaN,
    NaN,
    NaN,
    NaN,
    NaN,
    -1.7179715749306618e-16,
    0.0
  ],
  "GEQ": [
    0.4263884961319311,
    0.41109269778774965,
    0.4032551702647193,
    0.38538999455177947,
    0.3873126401796304,
    0.3552046497588803,
    0.34683825314202676,
    0.32301670373481023,
    0.3229279363299211,
    0.29568276142541794,
    0.27182552899926177,
    0.24988026267180202,
    0.2005305295084791,
    0.2005305295084791,
    0.19985734041631759,
    0.19087676909031115,
    0.19087676909031115,
    0.0937903222113753,
    0.0937903222113753,
    0.0937903222113753,
    0.0937903222113753,
    0.0937903222113753,
    0.0937903222113753,
    0.0937903222113753,
    0.0937903222113753,
    0.0937903222113753,
    0.0937903222113753,
    0.0937903222113753,
    0.0937903222113753,
    0.0937903222113753,
    0.0937903222113753,
    0.0937903222113753,
    0.0937903222113753,
    0.0937903222113753,
    0.0937903222113753,
    0.0
  ],
  "LEQ": [
    0.6622386809759626,
    0.6275445266077114,
    0.6048170477658289,
    0.594071276730981,
    0.5820418676062661,
    0.5680849807515208,
    0.5571070964612171,
    0.5528847114003289,
    0.5386401058006007,
    0.5303443369552017,
    0.520761965145088,
    0.5171473639731466,
    0.5171473639731466,
    0.515522832921125,
    0.5105257063969565,
    0.5105257063969565,
    0.5016826982156326,
    0.5016826982156326,
    0.5016826982156326,
    0.5016826982156326,
    0.5016826982156326,
    0.5016826982156326,
    0.5016826982156326,
    0.5016826982156326,
    0.5016826982156326,
    0.5016826982156326,
    0.5016826982156326,
    0.5016826982156326,
    0.5016826982156326,
    0.5016826982156326,
    0.5016826982156326,
    0.5016826982156326,
    0.5016826982156326,
    0.5016826982156326,
    0.4529599526965295,
    0.4263884961319311
  ],
  "exclusion": [
    0.41109269778774965,
    0.4206439270653002,
    0.4248927086513381,
    0.42567045397307024,
    0.4275848789083726,
    0.42745335481874036,
    0.43132196950936286,
    0.42669563211127765,
    0.4302964985236063,
    0.42861579473770123,
    0.429796934446362,
    0.42876666953677356,
    0.4263884961319311,
    0.4272068470065585,
    0.4289207419731353,
    0.4263884961319311,
    0.4333770639828851,
    0.4263884961319311,
    0.4263884961319311,
    0.4263884961319311,
    0.4263884961319311,
    0.4263884961319311,
    0.4263884961319311,
    0.4263884961319311,
    0.4263884961319311,
    0.4263884961319311,
    0.4263884961319311,
    0.4263884961319311,
    0.4263884961319311,
    0.4263884961319311,
    0.4263884961319311,
    0.4263884961319311,
    0.4263884961319311,
    0.4263884961319311,
    0.47010781184670564,
    0.4529599526965295
  ]
}