{
  "uniform": [
    0.1460478183676611,
    0.23165957693958433,
    0.17510588427541807,
    0.3428210652832408,
    0.36816202033294365,
    0.23625224878974285,
    0.2569471646153596,
    0.21832433924086123,
    -0.004729547277526294,
    0.07569412584615481,
    0.3022003997368424,
    0.0029528112289319043,
    NaN,
    0.0,
    -0.08437758216252705,
    NaN,
    -0.06735160670184602
  ],
  "GEQ": [
    0.22096511727196383,
    0.2794008528574423,
    0.3209838411492633,
    0.3820540218582456,
    0.32315592058274606,
    0.21533265506192953,
    0.21973770175526436,
    0.12141522694724119,
    0.11465257066510129,
    0.09030725338384113,
    0.05683616250539838,
    0.13405244870623753,
    0.12314355727850153,
    0.14112146502457962,
    0.015233512634365289,
    -0.07948553212732574,
    -0.04747850254446705
  ],
  "LEQ": [
    0.10764096266142326,
    0.14366652084509032,
    0.12656535333479002,
    0.195340370016719,
    0.2337313699751377,
    0.22261203533785043,
    0.2961021736180236,
    0.2005604294858589,
    0.2278887026000059,
    0.24315290522816768,
    0.18057087489624052,
    0.1974890117330852,
    0.1875064042347844,
    0.18012734074290346,
    0.23461037678584384,
    0.25817141945955563,
    0.25602431972132933
  ],
  "exclusion": [
    0.2915157503106802,
    0.2492208246841611,
    0.24345158170237055,
    0.15165355656278584,
    0.23235079699486685,
    0.22551710295956806,
    0.19731041910461647,
    0.25750881973757284,
    0.23330163733856782,
    0.24817500816919982,
    0.23377548914375487,
    0.21835890783124454,
    0.1794184140779089,
    0.2582262701431912,
    0.23322441044100908,
    0.24014868440018866,
    0.24294322788121417
  ]
}