{
  "uniform": [
    0.6622386809759626,
    0.6428868117149386,
    0.6068409233779036,
    0.5673182027634052,
    0.5356323092713479,
    0.4744651442250938,
    0.4674891927117401,
    0.395638600224338,
    0.4056221390458427,
    0.3555681975150249,
    0.34072115320598895,
    0.24839609999161036,
    NaN,
    3.4100459097772104e-16,
    0.08190678066856451,
    NaN,
    0.17411687837924777
  ],
  "GEQ": [
    0.5016826982156326,
    0.4871244064308183,
    0.4713008651469196,
    0.44090204034242764,
    0.4451758868326682,
    0.423302832435265,
    0.4143888394531224,
    0.38972746755627713,
    0.3890545534468657,
    0.36758150848777177,
    0.3403896014541674,
    0.3168910431663305,
    0.23473521217773294,
    0.23473521217773294,
    0.23765828392630492,
    0.17411687837924777,
    0.17411687837924777
  ],
  "LEQ": [
    0.6622386809759626,
    0.6275445266077114,
    0.6048170477658289,
    0.594071276730981,
    0.5820418676062661,
    0.5680849807515208,
    0.5571070964612171,
    0.5528847114003289,
    0.5386401058006007,
    0.5303443369552017,
    0.520761965145088,
    0.5171473639731466,
    0.5171473639731466,
    0.515522832921125,
    0.5105257063969565,
    0.5105257063969565,
    0.5016826982156326
  ],
  "exclusion": [
    0.4871244064308183,
    0.49874860520590536,
    0.5057475264995472,
    0.5023337782645285,
    0.5035627159137324,
    0.5042131904318784,
    0.5070573769688157,
    0.5019994113214621,
    0.5090516112699458,
    0.507444130069562,
    0.5077441313348551,
    0.5051523120952923,
    0.5016826982156326,
    0.5027389543135825,
    0.5065958469550695,
    0.5016826982156326,
    0.5105257063969565
  ]
}