{
  "uniform": [
    0.10527901344155953,
    0.3083170245705944,
    0.3709479182006948,
    0.6383213204946518,
    0.8458012586932813,
    0.602523382784845,
    0.8111984901788882,
    0.11844076308941592,
    -0.39592676359008555,
    -0.4284148454550218,
    0.6118358520982977,
    -0.19815051655565996,
    NaN,
    0.0,
    0.0,
    NaN,
    0.0
  ],
  "GEQ": [
    0.40156874867931863,
    0.5330909708343101,
    0.6340507462469642,
    0.7534622583132948,
    0.7467758679127161,
    0.6897888833551116,
    0.736072521745946,
    0.6032641933847074,
    0.4440402473889853,
    0.4934306843525698,
    0.2743115323858585,
    -0.09605602476162248,
    1.0,
    0.9999999999999999,
    -0.14350053761317666,
    0.0,
    0.0
  ],
  "LEQ": [
    0.10272997113502513,
    0.27324524238527886,
    0.24822719631204831,
    0.3308839424357919,
    0.43085556575109396,
    0.3784046245622896,
    0.4473371649077152,
    0.361793608056083,
    0.3508802449065442,
    0.4470758770718174,
    0.4445242692905095,
    0.4863308662847536,
    0.40084306134344483,
    0.4117386257413312,
    0.4121682099057763,
    0.4078113055224771,
    0.4757856258379132
  ],
  "exclusion": [
    0.5378647595269683,
    0.4353831630966565,
    0.4996850722446047,
    0.45844549113673244,
    0.4163920648496746,
    0.4506597567479724,
    0.42390974793480435,
    0.44248444628554795,
    0.3901683448485878,
    0.4171144311735137,
    0.4510302097352304,
    0.4096434646657323,
    0.470686608561828,
    0.4503155907890973,
    0.4475658079768899,
    0.4306642947784949,
    0.46032711831972284
  ]
}