{
  "uniform": [
    0.12537632113963307,
    -0.2849700266725784,
    -0.3404568320948797,
    -0.35835789996439793,
    -0.38088704463195877,
    -0.6689221419907679,
    -0.6212702531107418,
    -0.4943313318456034,
    -0.9857931780281336,
    -0.9217460730789825,
    -0.738184392062449,
    -1.0,
    NaN,
    0.0,
    -1.0,
    NaN,
    -1.0
  ],
  "GEQ": [
    -0.09307584120114354,
    -0.3694585323246686,
    -0.49000112315352795,
    -0.47693041859070623,
    -0.49992227803310735,
    -0.5774911872795548,
    -0.6774200593591142,
    -0.7679948973277367,
    -0.8088186931738209,
    -0.9042134374982894,
    -0.8673893686972908,
    -0.9660084114500486,
    -0.9599468375390032,
    -0.9628191841636122,
    -0.9999999999999998,
    -1.0,
    -1.0
  ],
  "LEQ": [
    0.09109181016843808,
    0.09649502034178162,
    -0.08402711626492856,
    -0.01490198569154421,
    -0.07485677684786028,
    -0.00382176703705748,
    -0.01621779628666202,
    -0.05430939207333229,
    -0.033348171596229666,
    -0.042101719667332234,
    -0.08193975684993239,
    -0.05965289143138297,
    -0.07064283600706055,
    -0.07740971475047546,
    -0.0629786827977035,
    -0.058290737364613564,
    -0.08033577492630238
  ],
  "exclusion": [
    -0.31257168432277627,
    -0.0164751979234696,
    0.0033135080580062224,
    -0.04857625120895257,
    -0.06358914368048998,
    -0.09144327748011219,
    -0.03556040059691334,
    -0.10471121270682245,
    -0.03468678321383402,
    -0.09267933441197354,
    -0.12506859749930632,
    -0.04533083614023229,
    -0.04145637240862295,
    -0.1118191366275694,
    -0.08294861855534048,
    -0.07263544064162995,
    -0.12566803035643945
  ]
}