{
  "uniform": [
    -0.01551989382071847,
    -0.20013594887508127,
    -0.1766432001184175,
    -0.2765917095783131,
    -0.37223286670053024,
    -0.33594519821367985,
    -0.2735443717459193,
    -0.3748973186970983,
    -0.31426355811298007,
    -0.2844675206332446,
    -0.5134775913584416,
    -0.7606420606062222,
    -0.5622262955995868,
    -0.47983739713124546,
    -0.5391086398340152,
    -0.4051285519237545,
    -0.37807405447069137,
    -0.6352670199205617,
    -0.706406558335285,
    -0.7123337903399496,
    -0.7786393635570641,
    -0.6776753891394229,
    -0.46248899160815093,
    -0.7384312378527884,
    -0.6129183667671032,
    -0.6661231909149598,
    -0.9027513576935475,
    -0.8891620759166937,
    -0.13802847654104214,
    -0.3199714218214487,
    0.01631354677509995,
    -0.2779137756673528,
    -0.5121187304900431,
    -0.33341113748964285,
    NaN,
    -0.3196042200067504,
    -0.8184831007484699,
    -1.0,
    -0.4980930380634324
  ],
  "GEQ": [
    -0.16689063022277015,
    -0.32708517360011624,
    -0.37796349308625254,
    -0.4663260014824957,
    -0.510466121092674,
    -0.5170482448866367,
    -0.5515374879560717,
    -0.5669509069789127,
    -0.6022015116550732,
    -0.6417360561758645,
    -0.6494511704140442,
    -0.683024345968222,
    -0.6767638002762733,
    -0.7086678174250416,
    -0.7373834174561581,
    -0.7807461157401192,
    -0.7870360380648032,
    -0.7488318837314382,
    -0.7264540639526562,
    -0.6929319440939989,
    -0.6307592841444927,
    -0.6250023956954565,
    -0.6520040057877478,
    -0.708799627985796,
    -0.7449650757422761,
    -0.694622681797101,
    -0.5106554713600839,
    -0.3701811882861325,
    -0.3041765493134597,
    -0.38873872593418185,
    -0.3932499904044894,
    -0.3556988512769905,
    -0.4898257742926493,
    -0.649002174324141,
    -0.6712494503150781,
    -0.6653514888959225,
    -0.6852400927702668,
    -0.7925092809334984,
    -0.5094004285776704
  ],
  "LEQ": [
    -0.042816878897691875,
    -0.07808641809158492,
    -0.057740334116773276,
    -0.04032753752040527,
    -0.07663712653094279,
    -0.07607478737595776,
    -0.1219888153432587,
    -0.1279090277245632,
    -0.10028099345335835,
    -0.09268508488148114,
    -0.10196707164581582,
    -0.16838531824577624,
    -0.1154688617317839,
    -0.1371276702681171,
    -0.1363901507600505,
    -0.10835797769652987,
    -0.15688616549711437,
    -0.1076273416935715,
    -0.16705180590704938,
    -0.14578989465478914,
    -0.14196289025876974,
    -0.162283470020861,
    -0.15892961676116282,
    -0.1456392952063783,
    -0.12956246296119456,
    -0.17808317087690526,
    -0.17521045864109933,
    -0.18285174817149277,
    -0.14068559360295732,
    -0.1649446942778663,
    -0.17228404314106893,
    -0.13745582823031188,
    -0.12347387335714402,
    -0.17978694166919115,
    -0.1584667908422032,
    -0.12465538525770602,
    -0.1561221708225832,
    -0.15168213378749354,
    -0.1690417916182319
  ],
  "exclusion": [
    -0.32804638327321917,
    -0.11831581734567298,
    -0.13094365392861226,
    -0.17021349990653967,
    -0.15098116677187917,
    -0.11717407885365222,
    -0.12289493701907138,
    -0.11949587954220305,
    -0.1006640409338022,
    -0.16641170681656198,
    -0.17386087080191584,
    -0.16106719128290778,
    -0.13386937243497432,
    -0.11370226981786408,
    -0.15838332918291975,
    -0.14312085325554305,
    -0.18526995577922817,
    -0.13803427467168486,
    -0.139904871459677,
    -0.1370057829660128,
    -0.16571463297003314,
    -0.17202689958184605,
    -0.17770223606590357,
    -0.1732864959108051,
    -0.11511411748985759,
    -0.1200762050814826,
    -0.11975369562079512,
    -0.16363182055837688,
    -0.22594152215110394,
    -0.19890142237278274,
    -0.23327189680684565,
    -0.1367065288518139,
    -0.2046360147701786,
    -0.18516495771868138,
    -0.13762020742757997,
    -0.14151569298908828,
    -0.18247363704547875,
    -0.12304615512738759,
    -0.15089622649848905
  ]
}