{
  "uniform": [
    -0.02189698750294722,
    0.14059038871809393,
    0.3582087054002949,
    0.27795675115203466,
    0.21647702715285688,
    0.222860454701999,
    0.28984502388238753,
    0.22942556488231403,
    0.3641739839158382,
    0.36744996638619387,
    0.18113102152468596,
    0.05721737136645011,
    0.17234307044298314,
    0.22285888369330054,
    0.18355880209832454,
    0.2914068145549804,
    0.3908476542647987,
    0.22323156659037657,
    0.2378697946710635,
    0.23157826788595992,
    0.12302088028219038,
    0.11176987263943783,
    0.3823207834879099,
    0.19902336651043195,
    0.31228707116053744,
    0.15356456688614784,
    0.08183809788796736,
    0.07863295999999975,
    0.10977557848508956,
    0.0920791617073915,
    0.10416666666666674,
    0.21915435791015647,
    0.19368619528619502,
    0.11473534108083694,
    NaN,
    0.11043628117913817,
    0.07991342026142756,
    -0.0007514324180468712,
    0.07487264921667247
  ],
  "GEQ": [
    NaN,
    NaN,
    NaN,
    NaN,
    NaN,
    NaN,
    NaN,
    NaN,
    NaN,
    NaN,
    NaN,
    NaN,
    NaN,
    NaN,
    NaN,
    NaN,
    NaN,
    NaN,
    NaN,
    NaN,
    NaN,
    NaN,
    NaN,
    NaN,
    NaN,
    NaN,
    NaN,
    NaN,
    NaN,
    NaN,
    NaN,
    NaN,
    NaN,
    NaN,
    NaN,
    NaN,
    NaN,
    NaN,
    0.07487264921667247
  ],
  "LEQ": [
    -0.02189698750294722,
    NaN,
    NaN,
    NaN,
    NaN,
    NaN,
    NaN,
    NaN,
    NaN,
    NaN,
    NaN,
    NaN,
    NaN,
    NaN,
    NaN,
    NaN,
    NaN,
    NaN,
    NaN,
    NaN,
    NaN,
    NaN,
    NaN,
    NaN,
    NaN,
    NaN,
    NaN,
    NaN,
    NaN,
    NaN,
    NaN,
    NaN,
    NaN,
    NaN,
    NaN,
    NaN,
    NaN,
    NaN,
    NaN
  ],
  "exclusion": [
    NaN,
    NaN,
    NaN,
    NaN,
    NaN,
    NaN,
    NaN,
    NaN,
    NaN,
    NaN,
    NaN,
    NaN,
    NaN,
    NaN,
    NaN,
    NaN,
    NaN,
    NaN,
    NaN,
    NaN,
    NaN,
    NaN,
    NaN,
    NaN,
    NaN,
    NaN,
    NaN,
    NaN,
    NaN,
    NaN,
    NaN,
    NaN,
    NaN,
    NaN,
    NaN,
    NaN,
    NaN,
    NaN,
    NaN
  ]
}