{
  "uniform": [
    0.7660301979821884,
    0.7399105771353383,
    0.6973543842336414,
    0.6697293153605777,
    0.646037678324587,
    0.6193122416472409,
    0.6024215292339602,
    0.5849582175107024,
    0.5676324082291013,
    0.5505904320710115,
    0.5399245011317121,
    0.5230665579049175,
    0.514370240503228,
    0.5019842829059472,
    0.48958665447426797,
    0.4758790564330215,
    0.4670037701857498,
    0.46853479056495084,
    0.45942543671448466,
    0.42685898804801087,
    0.4043296422162916,
    0.4203985974899106,
    0.3709237557624244,
    0.37074455133599943,
    0.365343983812751,
    0.35258133193230634,
    0.3495360489612306,
    0.31403324080794637,
    0.2884999673439054,
    0.2420719088410632,
    0.23778668410989048,
    0.27991993333218723,
    0.23822744596758258,
    0.27716145484788474,
    NaN,
    0.16265648718988104,
    0.2926427041553063,
    0.22433092286486545,
    0.15795649007057888
  ],
  "GEQ": [
    0.625864111589801,
    0.5777284747315178,
    0.546542671514698,
    0.5342217832399364,
    0.5210288939081663,
    0.5081685658260839,
    0.49743170280025395,
    0.4871771913295576,
    0.4794737058367009,
    0.4752008370376385,
    0.4717484675889585,
    0.4687521282457744,
    0.4670036307402384,
    0.464567005492105,
    0.46050593484692504,
    0.45657249544497663,
    0.45502923573598253,
    0.4497418448987356,
    0.44687559133844235,
    0.43659194125284057,
    0.42873577710715477,
    0.4242535572585737,
    0.4139259145055284,
    0.4050330120730119,
    0.3990309522556809,
    0.39007882070559097,
    0.38961450641853385,
    0.38639459189638675,
    0.38207290679445133,
    0.3799463597613794,
    0.37970470852821114,
    0.3799478481744861,
    0.3570065671588678,
    0.35497568779362,
    0.32553974339927605,
    0.32553974339927605,
    0.3246015769419978,
    0.23821455700987607,
    0.15795649007057888
  ],
  "LEQ": [
    0.7660301979821884,
    0.7505570175216392,
    0.7385194888748396,
    0.7302541530818981,
    0.7213985882132741,
    0.714675830363118,
    0.708449545373704,
    0.7022106155329427,
    0.6982418196324642,
    0.6936942374101515,
    0.688069279450262,
    0.6841787461073768,
    0.6798782015807966,
    0.6759668236046272,
    0.6726390134129182,
    0.669916428943542,
    0.6671562425387293,
    0.6648829385449108,
    0.6612542706988128,
    0.6562315594667119,
    0.6526950432772501,
    0.6509032875881058,
    0.649102734247504,
    0.6473151644673544,
    0.6455077900380906,
    0.645023604555711,
    0.6441838283119264,
    0.6436455507135004,
    0.6425443924300455,
    0.6423419637980955,
    0.640548052285497,
    0.6398553988284246,
    0.6386230363211476,
    0.6375846680002238,
    0.6375846680002238,
    0.6322397348036117,
    0.6289754138683996,
    0.6271043134721478,
    0.625864111589801
  ],
  "exclusion": [
    0.5777284747315178,
    0.6212877415500718,
    0.6245529262555067,
    0.6248226232675531,
    0.6265720699908626,
    0.6258005899053254,
    0.6262056811065481,
    0.6272467692553725,
    0.6260097317483149,
    0.6266090791038014,
    0.6266105548931916,
    0.6265092334010203,
    0.6264720575482949,
    0.6263908605712128,
    0.6262648345147274,
    0.6263496682214513,
    0.6264898485556838,
    0.6263188207508559,
    0.6270798151364303,
    0.6276163337121405,
    0.6280248413563541,
    0.6267109523539895,
    0.6267901555680805,
    0.6262367531743892,
    0.6265703450814641,
    0.6257872174436864,
    0.6259557289433949,
    0.6257858510725651,
    0.6265821628304026,
    0.6259733951879614,
    0.6263185574640419,
    0.626363676215581,
    0.6262215007407965,
    0.6268970856321254,
    0.625864111589801,
    0.6271899978438342,
    0.6289828040452574,
    0.6264731444981332,
    0.6271043134721478
  ]
}