{
  "uniform": [
    0.04948384944882922,
    -0.2511741356297034,
    -0.36275643029021637,
    -0.3460089910811273,
    -0.3995007280330287,
    -0.6501987472135987,
    -0.5991122718830756,
    -0.5514806524906978,
    -0.9855915431006746,
    -0.9206101721420183,
    -0.754448453542211,
    -1.0,
    NaN,
    0.0,
    -0.9999999999999998,
    NaN,
    -1.0,
    NaN,
    NaN,
    NaN,
    NaN,
    NaN,
    NaN,
    NaN,
    NaN,
    NaN,
    NaN,
    NaN,
    NaN,
    NaN,
    NaN,
    NaN,
    NaN,
    NaN,
    0.0,
    0.0
  ],
  "GEQ": [
    -0.09351058281047618,
    -0.373214888379583,
    -0.5293511564374556,
    -0.49316898396078995,
    -0.49309600903986256,
    -0.5565515648110623,
    -0.7074810887313048,
    -0.7785909991496519,
    -0.8721713808962284,
    -0.9035810338547458,
    -0.9144672894533715,
    -0.9200318584337915,
    -0.9375102531522814,
    -0.9418715552736062,
    -0.8839894890825738,
    -0.8912947943608809,
    -0.8897708456098916,
    -0.9999999999999998,
    -1.0,
    -0.9999999999999998,
    -1.0,
    -1.0,
    -1.0,
    -1.0,
    -1.0,
    -1.0,
    -0.9999999999999998,
    -1.0,
    -1.0,
    -0.9999999999999998,
    -1.0,
    -0.9999999999999998,
    -1.0,
    -1.0,
    -1.0,
    0.0
  ],
  "LEQ": [
    0.06552326617660674,
    0.057497836909482056,
    -0.054848780567068,
    -0.06491506089624256,
    -0.03870632920535306,
    -0.0024657716902510922,
    -0.02842725242978819,
    0.034769294533498855,
    -0.041667404949418604,
    -0.036025416526896295,
    -0.08045439951178603,
    -0.05603079591996882,
    -0.06725963558388966,
    -0.05068910514532031,
    -0.13229998184050132,
    -0.08340956499082343,
    -0.0742731054356931,
    -0.1482810459025143,
    -0.06954915755148851,
    -0.04960825037270142,
    -0.0809659184837671,
    -0.06633128178235695,
    -0.05306466848783253,
    -0.0993590386803892,
    -0.004906294425755203,
    -0.06435938518617382,
    -0.0659398204631149,
    -0.1259341561031319,
    -0.11242792283986294,
    -0.08616716309569117,
    -0.0591817436934213,
    -0.10760549361217475,
    -0.0955407679859447,
    -0.1384111950035101,
    -0.10086740120781151,
    -0.08827129874845699
  ],
  "exclusion": [
    -0.3861247060166341,
    -0.052895681936351475,
    -0.03498888585645046,
    -0.11023113363470793,
    -0.07942898253297119,
    -0.06315020135345563,
    -0.043926131910572506,
    -0.09532170164371617,
    -0.10003254777130365,
    -0.06315767385709044,
    -0.03499276289708813,
    -0.0724711815461325,
    -0.11413549640307967,
    -0.09809939029558432,
    -0.0904395885357032,
    -0.1062936459656175,
    -0.10344403648399764,
    -0.14167434728974132,
    -0.07789464199720006,
    -0.07544520893638133,
    -0.08159893946098364,
    -0.05476895838493599,
    -0.028609963373261264,
    -0.0903876744182499,
    -0.04525880612821011,
    -0.07183871548408471,
    -0.06267035183204468,
    -0.1612562197955943,
    -0.13451652257227087,
    -0.09641956276008873,
    -0.08154769385131862,
    -0.04674811345637029,
    -0.05446240233606223,
    -0.060010620768867054,
    -0.055960229844905174,
    -0.13202299630388162
  ]
}