{
  "uniform": [
    -0.061461031622669096,
    0.2816485864378807,
    0.5964528684137849,
    0.6493070884153382,
    0.6290980424264272,
    0.7249830109813382,
    0.7658206908484493,
    0.695251892285233,
    0.6850516671406357,
    0.7908664412420792,
    0.5862840149524591,
    0.3987734702073872,
    0.7293100000766363,
    0.8259825852687213,
    0.6447798758108984,
    0.8953567850209452,
    0.9327813525788528,
    0.7978264173064593,
    0.6911524249884892,
    0.7451917105403388,
    0.7541043194219608,
    0.6742716357964156,
    0.8304635256894715,
    0.6342123088206375,
    0.780577970978177,
    0.03938405751192374,
    0.16681155196388783,
    -0.2825207912041647,
    1.0,
    1.0,
    0.48834600955223234,
    0.8736186142470797,
    0.8619381432022496,
    -0.00650026621850496,
    NaN,
    0.9999999999999999,
    0.7847936796557206,
    -0.1968172632848225,
    1.0
  ],
  "GEQ": [
    0.42373788719448285,
    0.5056549299596657,
    0.5859641578565449,
    0.630209747759155,
    0.6092621485193468,
    0.5713429779389048,
    0.5952805916282278,
    0.5971847466113323,
    0.6376639138473568,
    0.6995268962456755,
    0.7028182466716227,
    0.7055870945136038,
    0.717686743524722,
    0.6940621064403368,
    0.6692109308815561,
    0.6641161963014515,
    0.602067626302998,
    0.5991366062447172,
    0.608286369528273,
    0.6259792742838158,
    0.6487493949492583,
    0.6785139893051938,
    0.7014955171055731,
    0.7511085317477822,
    0.7541926015275175,
    0.7747591953570081,
    0.7818166951566287,
    0.8382343653857207,
    0.8673318100300491,
    0.8114037390863655,
    0.8523536339828932,
    0.8517191471622774,
    0.7956511369658325,
    0.6241972404839468,
    0.8739237823417292,
    0.8797028523479051,
    0.764672733977448,
    -0.04756659413523052,
    1.0
  ],
  "LEQ": [
    -0.03471896313274524,
    0.12955703756668582,
    0.28849395145674916,
    0.3474129599208402,
    0.41098801868346,
    0.417996475756265,
    0.4223455472520064,
    0.40430792475784444,
    0.4306067051153219,
    0.3935287162913857,
    0.40949836394686995,
    0.4470324997576823,
    0.437942446592962,
    0.4529786322284286,
    0.4385421789194381,
    0.43716682264276185,
    0.43800734628707644,
    0.43335252567272603,
    0.43481933510348547,
    0.3919640257519169,
    0.47716562836110543,
    0.4752641684830969,
    0.4458512171607004,
    0.4378615558937947,
    0.4400147573640278,
    0.3982836770002466,
    0.42427064616500787,
    0.49472656290757927,
    0.4170698788860111,
    0.44997649974940124,
    0.4081983476295293,
    0.4625621881336864,
    0.4360448519225471,
    0.4278375874156642,
    0.42113215859417114,
    0.39166615283484263,
    0.3939719475929322,
    0.4362351699137427,
    0.43902506155204823
  ],
  "exclusion": [
    0.5390513100244974,
    0.4961982169094618,
    0.3961365226330644,
    0.399844968677832,
    0.4272086957411813,
    0.41583606696309816,
    0.44227687913514224,
    0.3708722721774566,
    0.42422799207501166,
    0.4352328158015188,
    0.41835464679506734,
    0.40677899991672567,
    0.4062235491423228,
    0.40931474991656086,
    0.4321239226933767,
    0.46709146854361816,
    0.4488472105374854,
    0.4959795721951092,
    0.4155419250405404,
    0.44314479231118054,
    0.4837371693375413,
    0.4720815317150199,
    0.45958869421018056,
    0.46642056667845094,
    0.44236793649735334,
    0.46189568068438236,
    0.39882625928726145,
    0.4318392613043491,
    0.4398112098774003,
    0.4203277877251933,
    0.44904395279728776,
    0.4791785373996242,
    0.46611088716637844,
    0.48339177206649725,
    0.44664996863919276,
    0.4191725218740589,
    0.42119779010836594,
    0.4377310852043133,
    0.43771077832941935
  ]
}