{
  "uniform": [
    0.10874919844690123,
    0.22550511499686962,
    0.20046827182276708,
    0.2892663240491989,
    0.37654837719531575,
    0.2764072184634273,
    0.24990702853312066,
    0.26608017025627884,
    0.039492230526642365,
    0.16179114503884423,
    0.19917727013775316,
    0.02037902893158383,
    NaN,
    0.0,
    -0.03702296473073848,
    NaN,
    -0.10570876809301515,
    NaN,
    NaN,
    NaN,
    NaN,
    NaN,
    NaN,
    NaN,
    NaN,
    NaN,
    NaN,
    NaN,
    NaN,
    NaN,
    NaN,
    NaN,
    NaN,
    NaN,
    0.0,
    0.0
  ],
  "GEQ": [
    0.26592679913172235,
    0.24781612946263465,
    0.3355096236299318,
    0.32927804697485624,
    0.3151056179917339,
    0.22926356560591543,
    0.20653483338515505,
    0.15245824553640328,
    0.1382467868276446,
    0.16307637480003165,
    0.17221242020155783,
    0.24452339367183398,
    0.07850474952895117,
    0.09589923014668363,
    0.16239731308870173,
    0.23177670492579142,
    0.23946488803424845,
    -0.0007012201733482466,
    -0.012815212897891644,
    -0.05430457271906417,
    -0.05743674523363946,
    -0.02951078766182685,
    0.012858184801935103,
    0.032392893351234596,
    -0.01748201921177132,
    -0.04273618271760622,
    -0.07988623605422397,
    0.0420394598842386,
    -0.03583577445297492,
    -8.714752443776803e-05,
    -0.06649778258620087,
    -0.04202029270437574,
    -0.035444692367017215,
    -0.07989969809247324,
    -0.01164472116923537,
    0.0
  ],
  "LEQ": [
    0.12529202682296547,
    0.13359104713668118,
    0.2089628980455251,
    0.223966238513738,
    0.20884114585205635,
    0.2478901002566182,
    0.23165266424846204,
    0.2448295909577394,
    0.24007893364499588,
    0.17339659303386593,
    0.23819009905402236,
    0.26045623096345777,
    0.22919071077208156,
    0.22672275437511283,
    0.23487168184346907,
    0.18449365049730865,
    0.1774748015811562,
    0.20626352721604052,
    0.23081439231341203,
    0.1820752545380563,
    0.23291986336803958,
    0.22939146572139862,
    0.1925693261450325,
    0.22302932304131035,
    0.2462754493396587,
    0.2775835192301351,
    0.19900317602533837,
    0.2685401043530723,
    0.23424733978511766,
    0.25164081624454254,
    0.24776302668000105,
    0.2253973660355104,
    0.19562072492537405,
    0.21341933965925533,
    0.19278136013982985,
    0.2623063775266293
  ],
  "exclusion": [
    0.30902613613237384,
    0.2543731687156367,
    0.1620519144655062,
    0.23432903669653637,
    0.1803693851482302,
    0.21908376502702115,
    0.1869331472628232,
    0.25875924388486565,
    0.20675910766632413,
    0.20605680073143484,
    0.19710738117591034,
    0.21526882745894074,
    0.20377609482497483,
    0.14060602263564864,
    0.24764443230119362,
    0.2359185387568725,
    0.2091270260342417,
    0.2340055497709849,
    0.2532677162284642,
    0.21048580444655063,
    0.21688557656956295,
    0.28746018533715934,
    0.2093568999561222,
    0.19966226192614364,
    0.2091757961460034,
    0.22481225301837665,
    0.21931500463115888,
    0.20722748436253904,
    0.21430485255922818,
    0.20070029431959205,
    0.2703069823200333,
    0.21269462257293711,
    0.28631882988118706,
    0.19894452727110082,
    0.2001606449038051,
    0.2341364015906093
  ]
}