{
  "uniform": [
    0.05604477498868682,
    0.3431788767889546,
    0.37598673672273347,
    0.6577675878578536,
    0.8448611212737119,
    0.6250136451870362,
    0.7957740118493382,
    0.12288363120170241,
    -0.40938061195859443,
    -0.41837268849965076,
    0.6288618789497962,
    -0.21537311711492205,
    NaN,
    0.0,
    0.0,
    NaN,
    0.0,
    NaN,
    NaN,
    NaN,
    NaN,
    NaN,
    NaN,
    NaN,
    NaN,
    NaN,
    NaN,
    NaN,
    NaN,
    NaN,
    NaN,
    NaN,
    NaN,
    NaN,
    0.0,
    0.0
  ],
  "GEQ": [
    0.4231012732478674,
    0.541694787863469,
    0.6623467727502659,
    0.7842253978379421,
    0.7269270042695708,
    0.6557168055353764,
    0.6993515382209197,
    0.6706104281431529,
    0.46329588267197386,
    0.47916564918718757,
    0.5077259795012448,
    0.28853263799219664,
    -0.5476431033371537,
    -0.552126042954252,
    -0.06791865308339631,
    1.0,
    1.0,
    0.0,
    0.0,
    0.0,
    0.0,
    0.0,
    0.0,
    0.0,
    0.0,
    0.0,
    0.0,
    0.0,
    0.0,
    0.0,
    0.0,
    0.0,
    0.0,
    0.0,
    0.0,
    0.0
  ],
  "LEQ": [
    0.13040758273754657,
    0.26688464545810714,
    0.28211544896139157,
    0.36081108005137713,
    0.3781353903563293,
    0.41804843381726114,
    0.42330245734445854,
    0.3926190464302051,
    0.41080448869367464,
    0.46682487322225963,
    0.43730674705806216,
    0.5193364752231494,
    0.4268331007558783,
    0.4753303944916655,
    0.43245491045533807,
    0.46849316118384354,
    0.48436149902182113,
    0.47329582324981995,
    0.5016746653932551,
    0.4411229196070003,
    0.43761004369193823,
    0.449616207687925,
    0.41664262934925356,
    0.44452507300069977,
    0.4747182863663204,
    0.4282823854898633,
    0.4142856978572096,
    0.4429312088147008,
    0.4499064077773468,
    0.4541802647931107,
    0.47050922240533416,
    0.4743611596671634,
    0.4340353748502919,
    0.4255535538372975,
    0.417435026690319,
    0.3826628869394688
  ],
  "exclusion": [
    0.5570422704130268,
    0.46713017038611215,
    0.4099003998393044,
    0.38589297969822367,
    0.43445788900571825,
    0.4219965716653768,
    0.4329744723657626,
    0.43690244130253336,
    0.4354790586269515,
    0.4254301683658782,
    0.42849471101203224,
    0.46873743831855263,
    0.48988460791268146,
    0.44850096782854776,
    0.3936024635648543,
    0.4467290926430097,
    0.43139077692283945,
    0.43101601963937225,
    0.4969084010200957,
    0.4541656273393884,
    0.4203836032800556,
    0.4164098146874079,
    0.4606376406439719,
    0.4978624992270615,
    0.44092611297166195,
    0.45030019238290464,
    0.4348603672233841,
    0.42422289992686085,
    0.46407001936783976,
    0.44843645718092723,
    0.49349692501364445,
    0.48371069949947504,
    0.45019758370122315,
    0.4582936997089571,
    0.43105503922908545,
    0.44274063872596914
  ]
}